ticket_id,date,category,priority,channel,resolution_hours,satisfaction_1to5,status
T-1001,2026-04-01,Password reset,Low,Portal,2.0,4,Closed
T-1002,2026-04-01,Password reset,Medium,Portal,1.5,4,Closed
T-1003,2026-04-02,Password reset,Low,Phone,1.3,4,Closed
T-1004,2026-04-02,Email,Low,Portal,4.7,,Closed
T-1005,2026-04-05,Password reset,Low,Phone,2.3,5,Closed
T-1006,2026-04-06,Email,Medium,Portal,5.6,2,Closed
T-1007,2026-04-07,Email,Medium,Portal,7.0,4,Closed
T-1008,2026-04-07,Password reset,Low,Portal,2.2,4,Closed
T-1009,2026-04-08,Password reset,Medium,Email,1.5,4,Closed
T-1010,2026-04-08,Email,Low,Email,6.9,2,Closed
T-1011,2026-04-09,Password reset,High,Phone,1.6,4,Closed
T-1012,2026-04-09,Access request,Medium,Phone,10.5,5,Closed
T-1013,2026-04-09,Software install,Medium,Portal,8.3,3,Closed
T-1014,2026-04-09,Password reset,Low,Portal,1.7,4,Closed
T-1015,2026-04-12,Network,Low,Email,28.0,2,Closed
T-1016,2026-04-12,Software install,Medium,Portal,9.5,3,Closed
T-1017,2026-04-12,Password reset,Low,Portal,2.4,3,Closed
T-1018,2026-04-13,Password reset,Low,Portal,2.3,5,Closed
T-1019,2026-04-13,Network,Low,Email,21.2,3,Closed
T-1020,2026-04-15,Network,Low,Portal,12.6,4,Closed
T-1021,2026-04-20,Hardware,High,Email,23.5,3,Closed
T-1022,2026-04-21,Password reset,Medium,Portal,2.4,4,Closed
T-1023,2026-04-21,Network,Medium,Portal,28.0,3,Closed
T-1024,2026-04-21,Software install,Low,Email,8.6,3,Closed
T-1025,2026-04-21,Password reset,Low,Portal,1.5,,Closed
T-1026,2026-04-22,Software install,Low,Portal,8.9,5,Closed
T-1027,2026-04-23,Password reset,Medium,Email,2.4,3,Closed
T-1028,2026-04-23,Password reset,Low,Portal,1.8,5,Closed
T-1029,2026-04-23,Password reset,High,Email,2.1,3,Closed
T-1030,2026-04-23,Network,Medium,Portal,21.3,3,Closed
T-1031,2026-04-26,Software install,Low,Phone,4.2,5,Closed
T-1032,2026-04-26,Access request,High,Phone,6.3,5,Closed
T-1033,2026-04-27,Password reset,Medium,Portal,2.0,4,Closed
T-1034,2026-04-28,Software install,Medium,Email,7.8,3,Closed
T-1035,2026-04-28,Password reset,High,Phone,2.2,3,Closed
T-1036,2026-04-28,Hardware,Medium,Portal,15.5,5,Closed
T-1037,2026-04-29,Hardware,High,Portal,21.6,5,Closed
T-1038,2026-04-29,Software install,High,Portal,10.8,4,Closed
T-1039,2026-05-03,Password reset,Medium,Portal,1.5,3,Closed
T-1040,2026-05-04,Password reset,Medium,Email,1.7,4,Closed
T-1041,2026-05-06,Password reset,High,Portal,1.5,4,Closed
T-1042,2026-05-07,Email,Low,Email,7.8,2,Closed
T-1043,2026-05-07,Password reset,Medium,Portal,1.3,4,Closed
T-1044,2026-05-10,Email,High,Email,6.2,3,Closed
T-1045,2026-05-10,Password reset,Low,Email,2.3,5,Closed
T-1046,2026-05-11,Access request,Medium,Portal,6.6,3,Closed
T-1047,2026-05-12,Access request,Low,Portal,10.6,3,Closed
T-1048,2026-05-12,Software install,Low,Email,8.7,4,Closed
T-1049,2026-05-12,Hardware,Low,Portal,12.4,4,Closed
T-1050,2026-05-12,Hardware,High,Portal,19.2,5,Closed
T-1051,2026-05-12,Hardware,Low,Email,9.9,4,Closed
T-1052,2026-05-12,Password reset,Medium,Email,1.7,4,Closed
T-1053,2026-05-13,Password reset,Medium,Portal,1.8,5,Closed
T-1054,2026-05-13,Network,Medium,Portal,20.4,5,Closed
T-1055,2026-05-14,Password reset,Medium,Email,1.2,4,Closed
T-1056,2026-05-14,Access request,Medium,Phone,7.6,4,Closed
T-1057,2026-05-14,Password reset,Low,Phone,1.5,4,Closed
T-1058,2026-05-14,Password reset,Low,Email,0.9,4,Closed
T-1059,2026-05-14,Access request,Low,Portal,9.2,4,Closed
T-1060,2026-05-14,Password reset,Low,Portal,1.2,4,Closed
T-1061,2026-05-14,Password reset,Medium,Portal,1.7,4,Closed
T-1062,2026-05-14,Password reset,Medium,Email,1.7,4,Closed
T-1063,2026-05-17,Hardware,Medium,Email,18.5,4,Closed
T-1064,2026-05-17,Password reset,Medium,Phone,2.3,4,Closed
T-1065,2026-05-17,Password reset,Low,Email,1.5,5,Closed
T-1066,2026-05-17,Password reset,Medium,Portal,1.6,3,Closed
T-1067,2026-05-17,Password reset,Low,Email,1.3,,Closed
T-1068,2026-05-17,Email,Low,Email,4.0,3,Closed
T-1069,2026-05-18,Password reset,Medium,Portal,1.0,4,Closed
T-1070,2026-05-18,Password reset,Low,Portal,2.2,4,Closed
T-1071,2026-05-18,Password reset,High,Phone,1.1,,Closed
T-1072,2026-05-18,Software install,Low,Portal,7.5,5,Closed
T-1073,2026-05-18,Email,Medium,Portal,6.0,3,Closed
T-1074,2026-05-18,Access request,Low,Phone,6.6,5,Closed
T-1075,2026-05-18,Password reset,Medium,Phone,1.5,4,Closed
T-1076,2026-05-20,Software install,Low,Email,10.0,4,Closed
T-1077,2026-05-20,Password reset,Low,Portal,1.2,4,Closed
T-1078,2026-05-21,Password reset,Low,Portal,1.2,3,Closed
T-1079,2026-05-21,Password reset,Low,Portal,1.1,4,Closed
T-1080,2026-05-21,Password reset,Low,Email,1.5,,Closed
T-1081,2026-05-21,Software install,Medium,Email,6.9,5,Closed
T-1082,2026-05-24,Password reset,Medium,Portal,0.9,4,Closed
T-1083,2026-05-24,Password reset,High,Portal,2.1,5,Closed
T-1084,2026-05-24,Email,High,Email,6.7,3,Closed
T-1085,2026-05-25,Network,Medium,Portal,29.2,,Closed
T-1086,2026-05-25,Password reset,Medium,Email,1.6,4,Closed
T-1087,2026-05-25,Password reset,High,Phone,2.5,5,Closed
T-1088,2026-05-25,Access request,Medium,Portal,8.8,4,Closed
T-1089,2026-05-26,Access request,Medium,Portal,11.6,5,Closed
T-1090,2026-05-26,Network,Medium,Email,11.4,3,Closed
T-1091,2026-05-26,Password reset,Low,Email,1.2,4,Closed
T-1092,2026-05-27,Email,Medium,Portal,4.9,4,Closed
T-1093,2026-05-27,Password reset,High,Email,1.1,4,Closed
T-1094,2026-05-27,Email,Medium,Portal,5.5,,Closed
T-1095,2026-05-28,Password reset,Medium,Portal,2.1,,Closed
T-1096,2026-05-31,Software install,Low,Phone,9.3,4,Closed
T-1097,2026-06-01,Email,Low,Phone,3.3,4,Closed
T-1098,2026-06-01,Access request,Low,Portal,4.8,3,Closed
T-1099,2026-06-01,Software install,Medium,Portal,9.4,4,Closed
T-1100,2026-06-02,Password reset,Medium,Portal,1.2,5,Closed
T-1101,2026-06-02,Email,Medium,Portal,2.5,3,Closed
T-1102,2026-06-02,Password reset,Low,Portal,1.3,4,Closed
T-1103,2026-06-03,Password reset,Low,Phone,1.1,4,Closed
T-1104,2026-06-03,Password reset,Medium,Portal,1.3,4,Closed
T-1105,2026-06-04,Access request,Low,Email,7.7,3,Closed
T-1106,2026-06-04,Software install,Low,Phone,7.9,4,Closed
T-1107,2026-06-07,Email,High,Phone,6.4,3,Closed
T-1108,2026-06-08,Network,Low,Portal,13.9,,Closed
T-1109,2026-06-08,Software install,Low,Phone,7.7,5,Closed
T-1110,2026-06-08,Software install,Medium,Portal,4.7,4,Closed
T-1111,2026-06-08,Email,Medium,Portal,5.0,,Closed
T-1112,2026-06-09,Software install,Low,Portal,3.3,3,Closed
T-1113,2026-06-10,Password reset,Medium,Portal,1.4,4,Closed
T-1114,2026-06-10,Password reset,High,Phone,1.3,3,Closed
T-1115,2026-06-10,Hardware,Medium,Portal,10.0,,Closed
T-1116,2026-06-11,Password reset,High,Portal,0.7,4,Closed
T-1117,2026-06-11,Password reset,Medium,Email,1.0,3,Closed
T-1118,2026-06-11,Password reset,Low,Email,0.9,3,Closed
T-1119,2026-06-14,Email,High,Portal,3.6,3,Closed
T-1120,2026-06-14,Password reset,Medium,Phone,0.8,4,Closed
T-1121,2026-06-14,Password reset,Low,Email,1.0,4,Closed
T-1122,2026-06-14,Email,Low,Portal,3.7,4,Closed
T-1123,2026-06-15,Password reset,Medium,Portal,1.5,4,Closed
T-1124,2026-06-15,Hardware,Medium,Email,12.0,5,Closed
T-1125,2026-06-16,Password reset,Low,Portal,1.1,4,Closed
T-1126,2026-06-16,Hardware,Medium,Email,5.4,4,Closed
T-1127,2026-06-17,Password reset,Low,Portal,0.7,3,Closed
T-1128,2026-06-18,Software install,Low,Portal,7.9,4,Closed
T-1129,2026-06-18,Network,Low,Portal,24.0,4,Closed
T-1130,2026-06-21,Password reset,Low,Email,0.8,4,Closed
T-1131,2026-06-21,Password reset,Low,Portal,0.8,3,Closed
T-1132,2026-06-21,Email,High,Email,1.5,3,Closed
T-1133,2026-06-22,Password reset,Medium,Phone,0.4,4,Closed
T-1134,2026-06-23,Password reset,Low,Portal,0.7,4,Closed
T-1135,2026-06-23,Access request,Medium,Email,3.5,4,Closed
T-1136,2026-06-23,Password reset,Low,Portal,0.8,3,Closed
T-1137,2026-06-23,Email,Low,Portal,4.2,4,Closed
T-1138,2026-06-24,Password reset,Medium,Email,,,Open
T-1139,2026-06-24,Access request,Low,Portal,,,Open
T-1140,2026-06-24,Password reset,Medium,Phone,,,Open
T-1141,2026-06-24,Password reset,Low,Portal,1.2,4,Closed
T-1142,2026-06-24,Email,High,Portal,,,Open
T-1143,2026-06-25,Password reset,Medium,Email,,,Open
T-1144,2026-06-28,Hardware,Medium,Portal,10.6,4,Closed
T-1145,2026-06-28,Hardware,Low,Email,13.4,2,Closed
T-1146,2026-06-28,Email,Medium,Email,2.9,3,Closed
T-1147,2026-06-28,Password reset,Medium,Email,1.3,,Closed
T-1148,2026-06-29,Email,Low,Email,4.3,3,Closed
T-1149,2026-06-30,Email,Low,Portal,,,Open
T-1150,2026-06-30,Access request,Medium,Portal,4.6,5,Closed
