task_id,task,owner,team,due_date,status,percent_complete,priority
P-01,Finalize portal requirements,Hana,Product,2026-05-10,Done,100,High
P-02,Design login and dashboard screens,Yousef,Design,2026-05-20,Done,100,High
P-03,Build customer login,Majed,Engineering,2026-06-05,Done,100,High
P-04,Build order-tracking page,Majed,Engineering,2026-06-20,In progress,70,High
P-05,Integrate payment gateway,Rawan,Engineering,2026-06-18,Blocked,40,High
P-06,Prepare anonymized test data,Nasser,QA,2026-06-12,In progress,50,Medium
P-07,Security review,Dana,Security,2026-06-25,Not started,0,High
P-08,Write user help articles,Lama,Support,2026-06-28,In progress,30,Medium
P-09,Train support agents,Lama,Support,2026-07-02,Not started,0,Medium
P-10,Performance testing,Nasser,QA,2026-06-22,Not started,0,High
P-11,Arabic and English content review,Hana,Product,2026-06-26,In progress,60,Medium
P-12,Launch communication plan,Omar,Marketing,2026-06-30,Not started,0,Low
